"#dig hive 3x3 stairs",,,,,,,,,,,,,,,,,,,,,,,,,,,,,,,,,,,,,,,,,,,,,,,,,,,,,,,,,,,,,,,,,,,,,,,,,,,,,,,,,,,,,,,,,,,,,,,,,,,,,,,,,,,,,,,,,,,,,,,,,,,,,,,,,,,,,,,,,,,,,,,,
,,,,,,,,,,,,,,,,,,,,,,,,,,,,,,,,,,,,,,,,,,,,,,,,,,,,,,,,,,,,,,,,,,,,,,,,,,,,,,,,,,,,,,,,,,,,,,,,,,,,,,,,,,,,,,,,,,,,,,,,,,,,,,,,,,,,,,,,,,,,,,,,"#"
,,,,,,,,,,,,,,,,,,,,,,,,,,,,,,,,,,,,,,,,,,,,,,,,,,,,,,,,,,,,,,,,,,,,,,,,,,,,,,,,,,,,,,,,,,,,,,,,,,,,,,,,,,,,,,,,,,,,,,,,,,,,,,,,,,,,,,,,,,,,,,,,"#"
,,,,,,,,,,,,,,,,,,,,,,,,,,,,,,,,,,,,,,,,,,,,,,,,,,,,,,,,,,,,,,,,,,,,,,,,,,,,,,,,,,,,,,,,,,,,,,,,,,,,,,,,,,,,,,,,,,,,,,,,,,,,,,,,,,,,,,,,,,,,,,,,"#"
,,,,,,,,,,,,,,,,,,,,,,,,,,,,,,,,,,,,,,,,,,,,,,,,,,,,,,,,,,,,,,,,,,,,,,,,,,,,,,,,,,,,,,,,,,,,,,,,,,,,,,,,,,,,,,,,,,,,,,,,,,,,,,,,,,,,,,,,,,,,,,,,"#"
,,,,,,,,,,,,,,,,,,,,,,,,,,,,,,,,,,,,,,,,,,,,,,,,,,,,,,,,,,,,,,,,,,,,,,,,,,,,,,,,,,,,,,,,,,,,,,,,,,,,,,,,,,,,,,,,,,,,,,,,,,,,,,,,,,,,,,,,,,,,,,,,"#"
,,,,,,,,,,,,,,,,,,,,,,,,,,,,,,,,,,,,,,,,,,,,,,,,,,,,,,,,,,,,,,,,,,,,,,,,,,,,,,,,,,,,,,,,,,,,,,,,,,,,,,,,,,,,,,,,,,,,,,,,,,,,,,,,,,,,,,,,,,,,,,,,"#"
,,,,,,,,,,,,,,,,,,,,,,,,,,,,,,,,,,,,,,,,,,,,,,,,,,,,,,,,,,,,,,,,,,,,,,,,,,,,,,,,,,,,,,,,,,,,,,,,,,,,,,,,,,,,,,,,,,,,,,,,,,,,,,,,,,,,,,,,,,,,,,,,"#"
,,,,,,,,,,,,,,,,,,,,,,,,,,,,,,,,,,,,,,,,,,,,,,,,,,,,,,,,,,,,,,,,,,,,,,,,,,,,,,,,,,,,,,,,,,,,,,,,,,,,,,,,,,,,,,,,,,,,,,,,,,,,,,,,,,,,,,,,,,,,,,,,"#"
,,,,,,,,,,,,,,,,,,,,,,,,,,,,,,,,,,,,,,,,,,,,,,,,,,,,,,,,,,,,,,,,,,,,,,,,,,,,,,,,,,,,,,,,,,,,,,,,,,,,,,,,,,,,,,,,,,,,,,,,,,,,,,,,,,,,,,,,,,,,,,,,"#"
,,,,,,,,,,,,,,,,,,,,,,,,,,,,,,,,,,,,,,,,,,,,,,,,,,,,,,,,,,,,,,,,,,,,,,,,,,,,,,,,,,,,,,,,,,,,,,,,,,,,,,,,,,,,,,,,,,,,,,,,,,,,,,,,,,,,,,,,,,,,,,,,"#"
,,,,,,,,,,,,,,,,,,,,,,,,,,,,,,,,,,,,,,,,,,,,,,,,,,,,,,,,,,,,,,,,,,,,,,,,,,,,,,,,,,,,,,,,,,,,,,,,,,,,,,,,,,,,,,,,,,,,,,,,,,,,,,,,,,,,,,,,,,,,,,,,"#"
,,,,,,,,,,,,,,,,,,,,,,,,,,,,,,,,,,,,,,,,,,,,,,,,,,,,,,,,,,,,,,,,,,,,,,,,,,,,,,,,,,,,,,,,,,,,,,,,,,,,,,,,,,,,,,,,,,,,,,,,,,,,,,,,,,,,,,,,,,,,,,,,"#"
,,,,,,,,,,,,,,,,,,,,,,,,,,,,,,,,,,,,,,,,,,,,,,,,,,,,,,,,,,,,,,,,,,,,,,"i","i","i",,,,,,,,,,,,,,,,,,,,,,,,,,,,,,,,,,,,,,,,,,,,,,,,,,,,,,,,,,,,,,,,,,,,,,,,"#"
,,,,,,,,,,,,,,,,,,,,,,,,,,,,,,,,,,,,,,,,,,,,,,,,,,,,,,,,,,,,,,,,,,,,,"i","i","i","i","i",,,,,,,,,,,,,,,,,,,,,,,,,,,,,,,,,,,,,,,,,,,,,,,,,,,,,,,,,,,,,,,,,,,,,,,"#"
,,,,,,,,,,,,,,,,,,,,,,,,,,,,,,,,,,,,,,,,,,,,,,,,,,,,,,,,,,,,,,,,,,,,"i","i","i","i","i","i","i",,,,,,,,,,,,,,,,,,,,,,,,,,,,,,,,,,,,,,,,,,,,,,,,,,,,,,,,,,,,,,,,,,,,,,"#"
,,,,,,,,,,,,,,,,,,,,,,,,,,,,,,,,,,,,,,,,,,,,,,,,,,,,,,,,,,,,,,,,,,,"i","i","i","i","i","i","i","i","i",,,,,,,,,,,,,,,,,,,,,,,,,,,,,,,,,,,,,,,,,,,,,,,,,,,,,,,,,,,,,,,,,,,,,"#"
,,,,,,,,,,,,,,,,,,,,,,,,,,,,,,,,,,,,,,,,,,,,,,,,,,,,,,,,,,,,,,,"i","i","i","i","i","i","i","i","i","i","i","i","i","i","i","i","i",,,,,,,,,,,,,,,,,,,,,,,,,,,,,,,,,,,,,,,,,,,,,,,,,,,,,,,,,,,,,,,,,"#"
,,,,,,,,,,,,,,,,,,,,,,,,,,,,,,,,,,,,,,,,,,,,,,,,,,,,,,,,,,,,,,"i","i","i","i","i","i","i","i","i","i","i","i","i","i","i","i","i","i","i",,,,,,,,,,,,,,,,,,,,,,,,,,,,,,,,,,,,,,,,,,,,,,,,,,,,,,,,,,,,,,,,"#"
,,,,,,,,,,,,,,,,,,,,,,,,,,,,,,,,,,,,,,,,,,,,,,,,,,,,,,,,,,,,,"i","i","i","i","i","i","i","i","i","i","i","i","i","i","i","i","i","i","i","i","i",,,,,,,,,,,,,,,,,,,,,,,,,,,,,,,,,,,,,,,,,,,,,,,,,,,,,,,,,,,,,,,"#"
,,,,,,,,,,,,,,,,,,,,,,,,,,,,,,,,,,,,,,,,,,,,,,,,,,,,,,,,,,,,"i","i","i","i","i","i","i","i","i","i","i","i","i","i","i","i","i","i","i","i","i","i","i",,,,,,,,,,,,,,,,,,,,,,,,,,,,,,,,,,,,,,,,,,,,,,,,,,,,,,,,,,,,,,"#"
,,,,,,,,,,,,,,,,,,,,,,,,,,,,,,,,,,,,,,,,,,,,,,,,,,,,,,,,"i","i","i","i","i","i","i","i","i","i","i","i","i","i","i","i","i","i","i","i","i","i","i","i","i","i","i","i","i","i","i",,,,,,,,,,,,,,,,,,,,,,,,,,,,,,,,,,,,,,,,,,,,,,,,,,,,,,,,,,"#"
,,,,,,,,,,,,,,,,,,,,,,,,,,,,,,,,,,,,,,,,,,,,,,,,,,,,,,,"i","i","i","i","i","i","i","i","i","i","i","i","i","i","i","i","i","i","i","i","i","i","i","i","i","i","i","i","i","i","i","i","i",,,,,,,,,,,,,,,,,,,,,,,,,,,,,,,,,,,,,,,,,,,,,,,,,,,,,,,,,"#"
,,,,,,,,,,,,,,,,,,,,,,,,,,,,,,,,,,,,,,,,,,,,,,,,,,,,,,"i","i","i","i","i","i","i","i","i","i","i","i","i","i","i","i","i","i","i","i","i","i","i","i","i","i","i","i","i","i","i","i","i","i","i",,,,,,,,,,,,,,,,,,,,,,,,,,,,,,,,,,,,,,,,,,,,,,,,,,,,,,,,"#"
,,,,,,,,,,,,,,,,,,,,,,,,,,,,,,,,,,,,,,,,,,,,,,,,,,,,,"i","i","i","i","i","i","i","i","i","i","i","i","i","i","i","i","i","i","i","i","i","i","i","i","i","i","i","i","i","i","i","i","i","i","i","i","i",,,,,,,,,,,,,,,,,,,,,,,,,,,,,,,,,,,,,,,,,,,,,,,,,,,,,,,"#"
,,,,,,,,,,,,,,,,,,,,,,,,,,,,,,,,,,,,,,,,,,,,,,,,,"i","i","i","i","i","i","i","i","i","i","i","i","i","i","i","i","i","i","i","i","i","i","i","i","i","i","i","i","i","i","i","i","i","i","i","i","i","i","i","i","i","i","i","i","i",,,,,,,,,,,,,,,,,,,,,,,,,,,,,,,,,,,,,,,,,,,,,,,,,,,"#"
,,,,,,,,,,,,,,,,,,,,,,,,,,,,,,,,,,,,,,,,,,,,,,,,"i","i","i","i","i","i","i","i","i","i","i","i","i","i","i","i","i","i","i","i","i","i","i","i","i","i","i","i","i","i","i","i","i","i","i","i","i","i","i","i","i","i","i","i","i","i","i",,,,,,,,,,,,,,,,,,,,,,,,,,,,,,,,,,,,,,,,,,,,,,,,,,"#"
,,,,,,,,,,,,,,,,,,,,,,,,,,,,,,,,,,,,,,,,,,,,,,,"i","i","i","i","i","i","i","i","i","i","i","i","i","i","i","i","i","i","i","i","i","i","i","i","i","i","i","i","i","i","i","i","i","i","i","i","i","i","i","i","i","i","i","i","i","i","i","i","i",,,,,,,,,,,,,,,,,,,,,,,,,,,,,,,,,,,,,,,,,,,,,,,,,"#"
,,,,,,,,,,,,,,,,,,,,,,,,,,,,,,,,,,,,,,,,,,,,,,"i","i","i","i","i","i","i","i","i","i","i","i","i","i","i","i","i","i","i","i","i","i","i","i","i","i","i","i","i","i","i","i","i","i","i","i","i","i","i","i","i","i","i","i","i","i","i","i","i","i","i",,,,,,,,,,,,,,,,,,,,,,,,,,,,,,,,,,,,,,,,,,,,,,,,"#"
,,,,,,,,,,,,,,,,,,,,,,,,,,,,,,,,,,,,,,,,,,"i","i","i","i","i","i","i","i","i","i","i","i","i","i","i","i","i","i","i","i","i","i","i","i","i","i","i","i","i","i","i","i","i","i","i","i","i","i","i","i","i","i","i","i","i","i","i","i","i","i","i","i","i","i","i","i","i","i","i",,,,,,,,,,,,,,,,,,,,,,,,,,,,,,,,,,,,,,,,,,,,"#"
,,,,,,,,,,,,,,,,,,,,,,,,,,,,,,,,,,,,,,,,,"i","i","i","i","i","i","i","i","i","i","i","i","i","i","i","i","i","i","i","i","i","i","i","i","i","i","i","i","i","i","i","i","i","i","i","i","i","i","i","i","i","i","i","i","i","i","i","i","i","i","i","i","i","i","i","i","i","i","i","i","i",,,,,,,,,,,,,,,,,,,,,,,,,,,,,,,,,,,,,,,,,,,"#"
,,,,,,,,,,,,,,,,,,,,,,,,,,,,,,,,,,,,,,,,"i","i","i","i","i","i","i","i","i","i","i","i","i","i","i","i","i","i","i","i","i","i","i","i","i","i","i","i","i","i","i","i","i","i","i","i","i","i","i","i","i","i","i","i","i","i","i","i","i","i","i","i","i","i","i","i","i","i","i","i","i","i","i",,,,,,,,,,,,,,,,,,,,,,,,,,,,,,,,,,,,,,,,,,"#"
,,,,,,,,,,,,,,,,,,,,,,,,,,,,,,,,,,,,,,,"i","i","i","i","i","i","i","i","i","i","i","i","i","i","i","i","i","i","i","i","i","i","i","i","i","i","i","i","i","i","i","i","i","i","i","i","i","i","i","i","i","i","i","i","i","i","i","i","i","i","i","i","i","i","i","i","i","i","i","i","i","i","i","i","i",,,,,,,,,,,,,,,,,,,,,,,,,,,,,,,,,,,,,,,,,"#"
,,,,,,,,,,,,,,,,,,,,,,,,,,,,,,,,,,,"i","i","i","i","i","i","i","i","i","i","i","i","i","i","i","i","i","i","i","i","i","i","i","i","i","i","i","i","i","i","i","i","i","i","i","i","i","i","i","i","i","i","i","i","i","i","i","i","i","i","i","i","i","i","i","i","i","i","i","i","i","i","i","i","i","i","i","i","i","i","i","i","i",,,,,,,,,,,,,,,,,,,,,,,,,,,,,,,,,,,,,"#"
,,,,,,,,,,,,,,,,,,,,,,,,,,,,,,,,,,"i","i","i","i","i","i","i","i","i","i","i","i","i","i","i","i","i","i","i","i","i","i","i","i","i","i","i","i","i","i","i","i","i","i","i","i","i","i","i","i","i","i","i","i","i","i","i","i","i","i","i","i","i","i","i","i","i","i","i","i","i","i","i","i","i","i","i","i","i","i","i","i","i","i","i",,,,,,,,,,,,,,,,,,,,,,,,,,,,,,,,,,,,"#"
,,,,,,,,,,,,,,,,,,,,,,,,,,,,,,,,,"i","i","i","i","i","i","i","i","i","i","i","i","i","i","i","i","i","i","i","i","i","i","i","i","i","i","i","i","i","i","i","i","i","i","i","i","i","i","i","i","i","i","i","i","i","i","i","i","i","i","i","i","i","i","i","i","i","i","i","i","i","i","i","i","i","i","i","i","i","i","i","i","i","i","i","i","i",,,,,,,,,,,,,,,,,,,,,,,,,,,,,,,,,,,"#"
,,,,,,,,,,,,,,,,,,,,,,,,,,,,,,,,"i","i","i","i","i","i","i","i","i","i","i","i","i","i","i","i","i","i","i","i","i","i","i","i","i","i","i","i","i","i","i","i","i","i","i","i","i","i","i","i","i","i","i","i","i","i","i","i","i","i","i","i","i","i","i","i","i","i","i","i","i","i","i","i","i","i","i","i","i","i","i","i","i","i","i","i","i","i","i",,,,,,,,,,,,,,,,,,,,,,,,,,,,,,,,,,"#"
,,,,,,,,,,,,,,,,,,,,,,,,,,,,"i","i","i","i","i","i","i","i","i","i","i","i","i","i","i","i","i","i","i","i","i","i","i","i","i","i","i","i","i","i","i","i","i","i","i","i","i","i","i","i","i","i","i","i","i","i","i","i","i","i","i","i","i","i","i","i","i","i","i","i","i","i","i","i","i","i","i","i","i","i","i","i","i","i","i","i","i","i","i","i","i","i","i","i","i","i","i",,,,,,,,,,,,,,,,,,,,,,,,,,,,,,"#"
,,,,,,,,,,,,,,,,,,,,,,,,,,,"i","i","i","i","i","i","i","i","i","i","i","i","i","i","i","i","i","i","i","i","i","i","i","i","i","i","i","i","i","i","i","i","i","i","i","i","i","i","i","i","i","i","i","i","i","i","i","i","i","i","i","i","i","i","i","i","i","i","i","i","i","i","i","i","i","i","i","i","i","i","i","i","i","i","i","i","i","i","i","i","i","i","i","i","i","i","i","i","i",,,,,,,,,,,,,,,,,,,,,,,,,,,,,"#"
,,,,,,,,,,,,,,,,,,,,,,,,,,"i","i","i","i","i","i","i","i","i","i","i","i","i","i","i","i","i","i","i","i","i","i","i","i","i","i","i","i","i","i","i","i","i","i","i","i","i","i","i","i","i","i","i","i","i","i","i","i","i","i","i","i","i","i","i","i","i","i","i","i","i","i","i","i","i","i","i","i","i","i","i","i","i","i","i","i","i","i","i","i","i","i","i","i","i","i","i","i","i","i","i",,,,,,,,,,,,,,,,,,,,,,,,,,,,"#"
,,,,,,,,,,,,,,,,,,,,,,,,,"i","i","i","i","i","i","i","i","i","i","i","i","i","i","i","i","i","i","i","i","i","i","i","i","i","i","i","i","i","i","i","i","i","i","i","i","i","i","i","i","i","i","i","i","i","i","i","i","i","i","i","i","i","i","i","i","i","i","i","i","i","i","i","i","i","i","i","i","i","i","i","i","i","i","i","i","i","i","i","i","i","i","i","i","i","i","i","i","i","i","i","i","i",,,,,,,,,,,,,,,,,,,,,,,,,,,"#"
,,,,,,,,,,,,,,,,,,,,,"i","i","i","i","i","i","i","i","i","i","i","i","i","i","i","i","i","i","i","i","i","i","i","i","i","i","i","i","i","i","i","i","i","i","i","i","i","i","i","i","i","i","i","i","i","i","i","i","i","i","i","i","i","i","i","i","i","i","i","i","i","i","i","i","i","i","i","i","i","i","i","i","i","i","i","i","i","i","i","i","i","i","i","i","i","i","i","i","i","i","i","i","i","i","i","i","i","i","i","i","i",,,,,,,,,,,,,,,,,,,,,,,"#"
,,,,,,,,,,,,,,,,,,,,"i","i","i","i","i","i","i","i","i","i","i","i","i","i","i","i","i","i","i","i","i","i","i","i","i","i","i","i","i","i","i","i","i","i","i","i","i","i","i","i","i","i","i","i","i","i","i","i","i","i","i","i","i","i","i","i","i","i","i","i","i","i","i","i","i","i","i","i","i","i","i","i","i","i","i","i","i","i","i","i","i","i","i","i","i","i","i","i","i","i","i","i","i","i","i","i","i","i","i","i","i","i","i",,,,,,,,,,,,,,,,,,,,,,"#"
,,,,,,,,,,,,,,,,,,,"i","i","i","i","i","i","i","i","i","i","i","i","i","i","i","i","i","i","i","i","i","i","i","i","i","i","i","i","i","i","i","i","i","i","i","i","i","i","i","i","i","i","i","i","i","i","i","i","i","i","i","i","i","i","i","i","i","i","i","i","i","i","i","i","i","i","i","i","i","i","i","i","i","i","i","i","i","i","i","i","i","i","i","i","i","i","i","i","i","i","i","i","i","i","i","i","i","i","i","i","i","i","i","i","i",,,,,,,,,,,,,,,,,,,,,"#"
,,,,,,,,,,,,,,,,,,"i","i","i","i","i","i","i","i","i","i","i","i","i","i","i","i","i","i","i","i","i","i","i","i","i","i","i","i","i","i","i","i","i","i","i","i","i","i","i","i","i","i","i","i","i","i","i","i","i","i","i","i","i","i","i","i","i","i","i","i","i","i","i","i","i","i","i","i","i","i","i","i","i","i","i","i","i","i","i","i","i","i","i","i","i","i","i","i","i","i","i","i","i","i","i","i","i","i","i","i","i","i","i","i","i","i","i",,,,,,,,,,,,,,,,,,,,"#"
,,,,,,,,,,,,,,,,,,"i","i","i","i","i","i","i","i","i","i","i","i","i","i","i","i","i","i","i","i","i","i","i","i","i","i","i","i","i","i","i","i","i","i","i","i","i","i","i","i","i","i","i","i","i","i","i","i","i","i","i","i","i","i","i","i","i","i","i","i","i","i","i","i","i","i","i","i","i","i","i","i","i","i","i","i","i","i","i","i","i","i","i","i","i","i","i","i","i","i","i","i","i","i","i","i","i","i","i","i","i","i","i","i","i","i","i",,,,,,,,,,,,,,,,,,,,"#"
,,,,,,,,,,,,,,,,,,"i","i","i","i","i","i","i","i","i","i","i","i","i","i","i","i","i","i","i","i","i","i","i","i","i","i","i","i","i","i","i","i","i","i","i","i","i","i","i","i","i","i","i","i","i","i","i","i","i","i","i","i","i","i","i","i","i","i","i","i","i","i","i","i","i","i","i","i","i","i","i","i","i","i","i","i","i","i","i","i","i","i","i","i","i","i","i","i","i","i","i","i","i","i","i","i","i","i","i","i","i","i","i","i","i","i","i",,,,,,,,,,,,,,,,,,,,"#"
,,,,,,,,,,,,,,,,,,"i","i","i","i","i","i","i","i","i","i","i","i","i","i","i","i","i","i","i","i","i","i","i","i","i","i","i","i","i","i","i","i","i","i","i","i","i","i","i","i","i","i","i","i","i","i","i","i","i","i","i","i","i","i","i","i","i","i","i","i","i","i","i","i","i","i","i","i","i","i","i","i","i","i","i","i","i","i","i","i","i","i","i","i","i","i","i","i","i","i","i","i","i","i","i","i","i","i","i","i","i","i","i","i","i","i","i",,,,,,,,,,,,,,,,,,,,"#"
,,,,,,,,,,,,,,,,,,"i","i","i","i","i","i","i","i","i","i","i","i","i","i","i","i","i","i","i","i","i","i","i","i","i","i","i","i","i","i","i","i","i","i","i","i","i","i","i","i","i","i","i","i","i","i","i","i","i","i","i","i","i","i","i","i","i","i","i","i","i","i","i","i","i","i","i","i","i","i","i","i","i","i","i","i","i","i","i","i","i","i","i","i","i","i","i","i","i","i","i","i","i","i","i","i","i","i","i","i","i","i","i","i","i","i","i",,,,,,,,,,,,,,,,,,,,"#"
,,,,,,,,,,,,,,,,,,"i","i","i","i","i","i","i","i","i","i","i","i","i","i","i","i","i","i","i","i","i","i","i","i","i","i","i","i","i","i","i","i","i","i","i","i","i","i","i","i","i","i","i","i","i","i","i","i","i","i","i","i","i","i","i","i","i","i","i","i","i","i","i","i","i","i","i","i","i","i","i","i","i","i","i","i","i","i","i","i","i","i","i","i","i","i","i","i","i","i","i","i","i","i","i","i","i","i","i","i","i","i","i","i","i","i","i",,,,,,,,,,,,,,,,,,,,"#"
,,,,,,,,,,,,,,,,,,"i","i","i","i","i","i","i","i","i","i","i","i","i","i","i","i","i","i","i","i","i","i","i","i","i","i","i","i","i","i","i","i","i","i","i","i","i","i","i","i","i","i","i","i","i","i","i","i","i","i","i","i","i","i","i","i","i","i","i","i","i","i","i","i","i","i","i","i","i","i","i","i","i","i","i","i","i","i","i","i","i","i","i","i","i","i","i","i","i","i","i","i","i","i","i","i","i","i","i","i","i","i","i","i","i","i","i",,,,,,,,,,,,,,,,,,,,"#"
,,,,,,,,,,,,,,,,,,"i","i","i","i","i","i","i","i","i","i","i","i","i","i","i","i","i","i","i","i","i","i","i","i","i","i","i","i","i","i","i","i","i","i","i","i","i","i","i","i","i","i","i","i","i","i","i","i","i","i","i","i","i","i","i","i","i","i","i","i","i","i","i","i","i","i","i","i","i","i","i","i","i","i","i","i","i","i","i","i","i","i","i","i","i","i","i","i","i","i","i","i","i","i","i","i","i","i","i","i","i","i","i","i","i","i","i",,,,,,,,,,,,,,,,,,,,"#"
,,,,,,,,,,,,,,,,,,"i","i","i","i","i","i","i","i","i","i","i","i","i","i","i","i","i","i","i","i","i","i","i","i","i","i","i","i","i","i","i","i","i","i","i","i","i","i","i","i","i","i","i","i","i","i","i","i","i","i","i","i","i","i","i","i","i","i","i","i","i","i","i","i","i","i","i","i","i","i","i","i","i","i","i","i","i","i","i","i","i","i","i","i","i","i","i","i","i","i","i","i","i","i","i","i","i","i","i","i","i","i","i","i","i","i","i",,,,,,,,,,,,,,,,,,,,"#"
,,,,,,,,,,,,,,,,,,"i","i","i","i","i","i","i","i","i","i","i","i","i","i","i","i","i","i","i","i","i","i","i","i","i","i","i","i","i","i","i","i","i","i","i","i","i","i","i","i","i","i","i","i","i","i","i","i","i","i","i","i","i","i","i","i","i","i","i","i","i","i","i","i","i","i","i","i","i","i","i","i","i","i","i","i","i","i","i","i","i","i","i","i","i","i","i","i","i","i","i","i","i","i","i","i","i","i","i","i","i","i","i","i","i","i","i",,,,,,,,,,,,,,,,,,,,"#"
,,,,,,,,,,,,,,,,,,"i","i","i","i","i","i","i","i","i","i","i","i","i","i","i","i","i","i","i","i","i","i","i","i","i","i","i","i","i","i","i","i","i","i","i","i","i","i","i","i","i","i","i","i","i","i","i","i","i","i","i","i","i","i","i","i","i","i","i","i","i","i","i","i","i","i","i","i","i","i","i","i","i","i","i","i","i","i","i","i","i","i","i","i","i","i","i","i","i","i","i","i","i","i","i","i","i","i","i","i","i","i","i","i","i","i","i",,,,,,,,,,,,,,,,,,,,"#"
,,,,,,,,,,,,,,,,,,"i","i","i","i","i","i","i","i","i","i","i","i","i","i","i","i","i","i","i","i","i","i","i","i","i","i","i","i","i","i","i","i","i","i","i","i","i","i","i","i","i","i","i","i","i","i","i","i","i","i","i","i","i","i","i","i","i","i","i","i","i","i","i","i","i","i","i","i","i","i","i","i","i","i","i","i","i","i","i","i","i","i","i","i","i","i","i","i","i","i","i","i","i","i","i","i","i","i","i","i","i","i","i","i","i","i","i",,,,,,,,,,,,,,,,,,,,"#"
,,,,,,,,,,,,,,,,,,"i","i","i","i","i","i","i","i","i","i","i","i","i","i","i","i","i","i","i","i","i","i","i","i","i","i","i","i","i","i","i","i","i","i","i","i","i","i","i","i","i","i","i","i","i","i","i","i","i","i","i","i","i","i","i","i","i","i","i","i","i","i","i","i","i","i","i","i","i","i","i","i","i","i","i","i","i","i","i","i","i","i","i","i","i","i","i","i","i","i","i","i","i","i","i","i","i","i","i","i","i","i","i","i","i","i","i",,,,,,,,,,,,,,,,,,,,"#"
,,,,,,,,,,,,,,,,,,"i","i","i","i","i","i","i","i","i","i","i","i","i","i","i","i","i","i","i","i","i","i","i","i","i","i","i","i","i","i","i","i","i","i","i","i","i","i","i","i","i","i","i","i","i","i","i","i","i","i","i","i","i","i","i","i","i","i","i","i","i","i","i","i","i","i","i","i","i","i","i","i","i","i","i","i","i","i","i","i","i","i","i","i","i","i","i","i","i","i","i","i","i","i","i","i","i","i","i","i","i","i","i","i","i","i","i",,,,,,,,,,,,,,,,,,,,"#"
,,,,,,,,,,,,,,,,,,"i","i","i","i","i","i","i","i","i","i","i","i","i","i","i","i","i","i","i","i","i","i","i","i","i","i","i","i","i","i","i","i","i","i","i","i","i","i","i","i","i","i","i","i","i","i","i","i","i","i","i","i","i","i","i","i","i","i","i","i","i","i","i","i","i","i","i","i","i","i","i","i","i","i","i","i","i","i","i","i","i","i","i","i","i","i","i","i","i","i","i","i","i","i","i","i","i","i","i","i","i","i","i","i","i","i","i",,,,,,,,,,,,,,,,,,,,"#"
,,,,,,,,,,,,,,,,,,"i","i","i","i","i","i","i","i","i","i","i","i","i","i","i","i","i","i","i","i","i","i","i","i","i","i","i","i","i","i","i","i","i","i","i","i","i","i","i","i","i","i","i","i","i","i","i","i","i","i","i","i","i","i","i","i","i","i","i","i","i","i","i","i","i","i","i","i","i","i","i","i","i","i","i","i","i","i","i","i","i","i","i","i","i","i","i","i","i","i","i","i","i","i","i","i","i","i","i","i","i","i","i","i","i","i","i",,,,,,,,,,,,,,,,,,,,"#"
,,,,,,,,,,,,,,,,,,"i","i","i","i","i","i","i","i","i","i","i","i","i","i","i","i","i","i","i","i","i","i","i","i","i","i","i","i","i","i","i","i","i","i","i","i","i","i","i","i","i","i","i","i","i","i","i","i","i","i","i","i","i","i","i","i","i","i","i","i","i","i","i","i","i","i","i","i","i","i","i","i","i","i","i","i","i","i","i","i","i","i","i","i","i","i","i","i","i","i","i","i","i","i","i","i","i","i","i","i","i","i","i","i","i","i","i",,,,,,,,,,,,,,,,,,,,"#"
,,,,,,,,,,,,,,,,,,"i","i","i","i","i","i","i","i","i","i","i","i","i","i","i","i","i","i","i","i","i","i","i","i","i","i","i","i","i","i","i","i","i","i","i","i","i","i","i","i","i","i","i","i","i","i","i","i","i","i","i","i","i","i","i","i","i","i","i","i","i","i","i","i","i","i","i","i","i","i","i","i","i","i","i","i","i","i","i","i","i","i","i","i","i","i","i","i","i","i","i","i","i","i","i","i","i","i","i","i","i","i","i","i","i","i","i",,,,,,,,,,,,,,,,,,,,"#"
,,,,,,,,,,,,,,,,,,"i","i","i","i","i","i","i","i","i","i","i","i","i","i","i","i","i","i","i","i","i","i","i","i","i","i","i","i","i","i","i","i","i","i","i","i","i","i","i","i","i","i","i","i","i","i","i","i","i","i","i","i","i","i","i","i","i","i","i","i","i","i","i","i","i","i","i","i","i","i","i","i","i","i","i","i","i","i","i","i","i","i","i","i","i","i","i","i","i","i","i","i","i","i","i","i","i","i","i","i","i","i","i","i","i","i","i",,,,,,,,,,,,,,,,,,,,"#"
,,,,,,,,,,,,,,,,,,"i","i","i","i","i","i","i","i","i","i","i","i","i","i","i","i","i","i","i","i","i","i","i","i","i","i","i","i","i","i","i","i","i","i","i","i","i","i","i","i","i","i","i","i","i","i","i","i","i","i","i","i","i","i","i","i","i","i","i","i","i","i","i","i","i","i","i","i","i","i","i","i","i","i","i","i","i","i","i","i","i","i","i","i","i","i","i","i","i","i","i","i","i","i","i","i","i","i","i","i","i","i","i","i","i","i","i",,,,,,,,,,,,,,,,,,,,"#"
,,,,,,,,,,,,,,,,,,"i","i","i","i","i","i","i","i","i","i","i","i","i","i","i","i","i","i","i","i","i","i","i","i","i","i","i","i","i","i","i","i","i","i","i","i","i","i","i","i","i","i","i","i","i","i","i","i","i","i","i","i","i","i","i","i","i","i","i","i","i","i","i","i","i","i","i","i","i","i","i","i","i","i","i","i","i","i","i","i","i","i","i","i","i","i","i","i","i","i","i","i","i","i","i","i","i","i","i","i","i","i","i","i","i","i","i",,,,,,,,,,,,,,,,,,,,"#"
,,,,,,,,,,,,,,,,,,"i","i","i","i","i","i","i","i","i","i","i","i","i","i","i","i","i","i","i","i","i","i","i","i","i","i","i","i","i","i","i","i","i","i","i","i","i","i","i","i","i","i","i","i","i","i","i","i","i","i","i","i","i","i","i","i","i","i","i","i","i","i","i","i","i","i","i","i","i","i","i","i","i","i","i","i","i","i","i","i","i","i","i","i","i","i","i","i","i","i","i","i","i","i","i","i","i","i","i","i","i","i","i","i","i","i","i",,,,,,,,,,,,,,,,,,,,"#"
,,,,,,,,,,,,,,,,,,"i","i","i","i","i","i","i","i","i","i","i","i","i","i","i","i","i","i","i","i","i","i","i","i","i","i","i","i","i","i","i","i","i","i","i","i","i","i","i","i","i","i","i","i","i","i","i","i","i","i","i","i","i","i","i","i","i","i","i","i","i","i","i","i","i","i","i","i","i","i","i","i","i","i","i","i","i","i","i","i","i","i","i","i","i","i","i","i","i","i","i","i","i","i","i","i","i","i","i","i","i","i","i","i","i","i","i",,,,,,,,,,,,,,,,,,,,"#"
,,,,,,,,,,,,,,,,,,"i","i","i","i","i","i","i","i","i","i","i","i","i","i","i","i","i","i","i","i","i","i","i","i","i","i","i","i","i","i","i","i","i","i","i","i","i","i","i","i","i","i","i","i","i","i","i","i","i","i","i","i","i","i","i","i","i","i","i","i","i","i","i","i","i","i","i","i","i","i","i","i","i","i","i","i","i","i","i","i","i","i","i","i","i","i","i","i","i","i","i","i","i","i","i","i","i","i","i","i","i","i","i","i","i","i","i",,,,,,,,,,,,,,,,,,,,"#"
,,,,,,,,,,,,,,,,,,"i","i","i","i","i","i","i","i","i","i","i","i","i","i","i","i","i","i","i","i","i","i","i","i","i","i","i","i","i","i","i","i","i","i","i","i","i","i","i","i","i","i","i","i","i","i","i","i","i","i","i","i","i","i","i","i","i","i","i","i","i","i","i","i","i","i","i","i","i","i","i","i","i","i","i","i","i","i","i","i","i","i","i","i","i","i","i","i","i","i","i","i","i","i","i","i","i","i","i","i","i","i","i","i","i","i","i",,,,,,,,,,,,,,,,,,,,"#"
,,,,,,,,,,,,,,,,,,"i","i","i","i","i","i","i","i","i","i","i","i","i","i","i","i","i","i","i","i","i","i","i","i","i","i","i","i","i","i","i","i","i","i","i","i","i","i","i","i","i","i","i","i","i","i","i","i","i","i","i","i","i","i","i","i","i","i","i","i","i","i","i","i","i","i","i","i","i","i","i","i","i","i","i","i","i","i","i","i","i","i","i","i","i","i","i","i","i","i","i","i","i","i","i","i","i","i","i","i","i","i","i","i","i","i","i",,,,,,,,,,,,,,,,,,,,"#"
,,,,,,,,,,,,,,,,,,"i","i","i","i","i","i","i","i","i","i","i","i","i","i","i","i","i","i","i","i","i","i","i","i","i","i","i","i","i","i","i","i","i","i","i","i","i","i","i","i","i","i","i","i","i","i","i","i","i","i","i","i","i","i","i","i","i","i","i","i","i","i","i","i","i","i","i","i","i","i","i","i","i","i","i","i","i","i","i","i","i","i","i","i","i","i","i","i","i","i","i","i","i","i","i","i","i","i","i","i","i","i","i","i","i","i","i",,,,,,,,,,,,,,,,,,,,"#"
,,,,,,,,,,,,,,,,,,"i","i","i","i","i","i","i","i","i","i","i","i","i","i","i","i","i","i","i","i","i","i","i","i","i","i","i","i","i","i","i","i","i","i","i","i","i","i","i","i","i","i","i","i","i","i","i","i","i","i","i","i","i","i","i","i","i","i","i","i","i","i","i","i","i","i","i","i","i","i","i","i","i","i","i","i","i","i","i","i","i","i","i","i","i","i","i","i","i","i","i","i","i","i","i","i","i","i","i","i","i","i","i","i","i","i","i",,,,,,,,,,,,,,,,,,,,"#"
,,,,,,,,,,,,,,,,,,"i","i","i","i","i","i","i","i","i","i","i","i","i","i","i","i","i","i","i","i","i","i","i","i","i","i","i","i","i","i","i","i","i","i","i","i","i","i","i","i","i","i","i","i","i","i","i","i","i","i","i","i","i","i","i","i","i","i","i","i","i","i","i","i","i","i","i","i","i","i","i","i","i","i","i","i","i","i","i","i","i","i","i","i","i","i","i","i","i","i","i","i","i","i","i","i","i","i","i","i","i","i","i","i","i","i","i",,,,,,,,,,,,,,,,,,,,"#"
,,,,,,,,,,,,,,,,,,"i","i","i","i","i","i","i","i","i","i","i","i","i","i","i","i","i","i","i","i","i","i","i","i","i","i","i","i","i","i","i","i","i","i","i","i","i","i","i","i","i","i","i","i","i","i","i","i","i","i","i","i","i","i","i","i","i","i","i","i","i","i","i","i","i","i","i","i","i","i","i","i","i","i","i","i","i","i","i","i","i","i","i","i","i","i","i","i","i","i","i","i","i","i","i","i","i","i","i","i","i","i","i","i","i","i","i",,,,,,,,,,,,,,,,,,,,"#"
,,,,,,,,,,,,,,,,,,"i","i","i","i","i","i","i","i","i","i","i","i","i","i","i","i","i","i","i","i","i","i","i","i","i","i","i","i","i","i","i","i","i","i","i","i","i","i","i","i","i","i","i","i","i","i","i","i","i","i","i","i","i","i","i","i","i","i","i","i","i","i","i","i","i","i","i","i","i","i","i","i","i","i","i","i","i","i","i","i","i","i","i","i","i","i","i","i","i","i","i","i","i","i","i","i","i","i","i","i","i","i","i","i","i","i","i",,,,,,,,,,,,,,,,,,,,"#"
,,,,,,,,,,,,,,,,,,"i","i","i","i","i","i","i","i","i","i","i","i","i","i","i","i","i","i","i","i","i","i","i","i","i","i","i","i","i","i","i","i","i","i","i","i","i","i","i","i","i","i","i","i","i","i","i","i","i","i","i","i","i","i","i","i","i","i","i","i","i","i","i","i","i","i","i","i","i","i","i","i","i","i","i","i","i","i","i","i","i","i","i","i","i","i","i","i","i","i","i","i","i","i","i","i","i","i","i","i","i","i","i","i","i","i","i",,,,,,,,,,,,,,,,,,,,"#"
,,,,,,,,,,,,,,,,,,"i","i","i","i","i","i","i","i","i","i","i","i","i","i","i","i","i","i","i","i","i","i","i","i","i","i","i","i","i","i","i","i","i","i","i","i","i","i","i","i","i","i","i","i","i","i","i","i","i","i","i","i","i","i","i","i","i","i","i","i","i","i","i","i","i","i","i","i","i","i","i","i","i","i","i","i","i","i","i","i","i","i","i","i","i","i","i","i","i","i","i","i","i","i","i","i","i","i","i","i","i","i","i","i","i","i","i",,,,,,,,,,,,,,,,,,,,"#"
,,,,,,,,,,,,,,,,,,"i","i","i","i","i","i","i","i","i","i","i","i","i","i","i","i","i","i","i","i","i","i","i","i","i","i","i","i","i","i","i","i","i","i","i","i","i","i","i","i","i","i","i","i","i","i","i","i","i","i","i","i","i","i","i","i","i","i","i","i","i","i","i","i","i","i","i","i","i","i","i","i","i","i","i","i","i","i","i","i","i","i","i","i","i","i","i","i","i","i","i","i","i","i","i","i","i","i","i","i","i","i","i","i","i","i","i",,,,,,,,,,,,,,,,,,,,"#"
,,,,,,,,,,,,,,,,,,"i","i","i","i","i","i","i","i","i","i","i","i","i","i","i","i","i","i","i","i","i","i","i","i","i","i","i","i","i","i","i","i","i","i","i","i","i","i","i","i","i","i","i","i","i","i","i","i","i","i","i","i","i","i","i","i","i","i","i","i","i","i","i","i","i","i","i","i","i","i","i","i","i","i","i","i","i","i","i","i","i","i","i","i","i","i","i","i","i","i","i","i","i","i","i","i","i","i","i","i","i","i","i","i","i","i","i",,,,,,,,,,,,,,,,,,,,"#"
,,,,,,,,,,,,,,,,,,"i","i","i","i","i","i","i","i","i","i","i","i","i","i","i","i","i","i","i","i","i","i","i","i","i","i","i","i","i","i","i","i","i","i","i","i","i","i","i","i","i","i","i","i","i","i","i","i","i","i","i","i","i","i","i","i","i","i","i","i","i","i","i","i","i","i","i","i","i","i","i","i","i","i","i","i","i","i","i","i","i","i","i","i","i","i","i","i","i","i","i","i","i","i","i","i","i","i","i","i","i","i","i","i","i","i","i",,,,,,,,,,,,,,,,,,,,"#"
,,,,,,,,,,,,,,,,,,"i","i","i","i","i","i","i","i","i","i","i","i","i","i","i","i","i","i","i","i","i","i","i","i","i","i","i","i","i","i","i","i","i","i","i","i","i","i","i","i","i","i","i","i","i","i","i","i","i","i","i","i","i","i","i","i","i","i","i","i","i","i","i","i","i","i","i","i","i","i","i","i","i","i","i","i","i","i","i","i","i","i","i","i","i","i","i","i","i","i","i","i","i","i","i","i","i","i","i","i","i","i","i","i","i","i","i",,,,,,,,,,,,,,,,,,,,"#"
,,,,,,,,,,,,,,,,,,"i","i","i","i","i","i","i","i","i","i","i","i","i","i","i","i","i","i","i","i","i","i","i","i","i","i","i","i","i","i","i","i","i","i","i","i","i","i","i","i","i","i","i","i","i","i","i","i","i","i","i","i","i","i","i","i","i","i","i","i","i","i","i","i","i","i","i","i","i","i","i","i","i","i","i","i","i","i","i","i","i","i","i","i","i","i","i","i","i","i","i","i","i","i","i","i","i","i","i","i","i","i","i","i","i","i","i",,,,,,,,,,,,,,,,,,,,"#"
,,,,,,,,,,,,,,,,,,"i","i","i","i","i","i","i","i","i","i","i","i","i","i","i","i","i","i","i","i","i","i","i","i","i","i","i","i","i","i","i","i","i","i","i","i","i","i","i","i","i","i","i","i","i","i","i","i","i","i","i","i","i","i","i","i","i","i","i","i","i","i","i","i","i","i","i","i","i","i","i","i","i","i","i","i","i","i","i","i","i","i","i","i","i","i","i","i","i","i","i","i","i","i","i","i","i","i","i","i","i","i","i","i","i","i","i",,,,,,,,,,,,,,,,,,,,"#"
,,,,,,,,,,,,,,,,,,"i","i","i","i","i","i","i","i","i","i","i","i","i","i","i","i","i","i","i","i","i","i","i","i","i","i","i","i","i","i","i","i","i","i","i","i","i","i","i","i","i","i","i","i","i","i","i","i","i","i","i","i","i","i","i","i","i","i","i","i","i","i","i","i","i","i","i","i","i","i","i","i","i","i","i","i","i","i","i","i","i","i","i","i","i","i","i","i","i","i","i","i","i","i","i","i","i","i","i","i","i","i","i","i","i","i","i",,,,,,,,,,,,,,,,,,,,"#"
,,,,,,,,,,,,,,,,,,"i","i","i","i","i","i","i","i","i","i","i","i","i","i","i","i","i","i","i","i","i","i","i","i","i","i","i","i","i","i","i","i","i","i","i","i","i","i","i","i","i","i","i","i","i","i","i","i","i","i","i","i","i","i","i","i","i","i","i","i","i","i","i","i","i","i","i","i","i","i","i","i","i","i","i","i","i","i","i","i","i","i","i","i","i","i","i","i","i","i","i","i","i","i","i","i","i","i","i","i","i","i","i","i","i","i","i",,,,,,,,,,,,,,,,,,,,"#"
,,,,,,,,,,,,,,,,,,"i","i","i","i","i","i","i","i","i","i","i","i","i","i","i","i","i","i","i","i","i","i","i","i","i","i","i","i","i","i","i","i","i","i","i","i","i","i","i","i","i","i","i","i","i","i","i","i","i","i","i","i","i","i","i","i","i","i","i","i","i","i","i","i","i","i","i","i","i","i","i","i","i","i","i","i","i","i","i","i","i","i","i","i","i","i","i","i","i","i","i","i","i","i","i","i","i","i","i","i","i","i","i","i","i","i","i",,,,,,,,,,,,,,,,,,,,"#"
,,,,,,,,,,,,,,,,,,"i","i","i","i","i","i","i","i","i","i","i","i","i","i","i","i","i","i","i","i","i","i","i","i","i","i","i","i","i","i","i","i","i","i","i","i","i","i","i","i","i","i","i","i","i","i","i","i","i","i","i","i","i","i","i","i","i","i","i","i","i","i","i","i","i","i","i","i","i","i","i","i","i","i","i","i","i","i","i","i","i","i","i","i","i","i","i","i","i","i","i","i","i","i","i","i","i","i","i","i","i","i","i","i","i","i","i",,,,,,,,,,,,,,,,,,,,"#"
,,,,,,,,,,,,,,,,,,"i","i","i","i","i","i","i","i","i","i","i","i","i","i","i","i","i","i","i","i","i","i","i","i","i","i","i","i","i","i","i","i","i","i","i","i","i","i","i","i","i","i","i","i","i","i","i","i","i","i","i","i","i","i","i","i","i","i","i","i","i","i","i","i","i","i","i","i","i","i","i","i","i","i","i","i","i","i","i","i","i","i","i","i","i","i","i","i","i","i","i","i","i","i","i","i","i","i","i","i","i","i","i","i","i","i","i",,,,,,,,,,,,,,,,,,,,"#"
,,,,,,,,,,,,,,,,,,"i","i","i","i","i","i","i","i","i","i","i","i","i","i","i","i","i","i","i","i","i","i","i","i","i","i","i","i","i","i","i","i","i","i","i","i","i","i","i","i","i","i","i","i","i","i","i","i","i","i","i","i","i","i","i","i","i","i","i","i","i","i","i","i","i","i","i","i","i","i","i","i","i","i","i","i","i","i","i","i","i","i","i","i","i","i","i","i","i","i","i","i","i","i","i","i","i","i","i","i","i","i","i","i","i","i","i",,,,,,,,,,,,,,,,,,,,"#"
,,,,,,,,,,,,,,,,,,"i","i","i","i","i","i","i","i","i","i","i","i","i","i","i","i","i","i","i","i","i","i","i","i","i","i","i","i","i","i","i","i","i","i","i","i","i","i","i","i","i","i","i","i","i","i","i","i","i","i","i","i","i","i","i","i","i","i","i","i","i","i","i","i","i","i","i","i","i","i","i","i","i","i","i","i","i","i","i","i","i","i","i","i","i","i","i","i","i","i","i","i","i","i","i","i","i","i","i","i","i","i","i","i","i","i","i",,,,,,,,,,,,,,,,,,,,"#"
,,,,,,,,,,,,,,,,,,"i","i","i","i","i","i","i","i","i","i","i","i","i","i","i","i","i","i","i","i","i","i","i","i","i","i","i","i","i","i","i","i","i","i","i","i","i","i","i","i","i","i","i","i","i","i","i","i","i","i","i","i","i","i","i","i","i","i","i","i","i","i","i","i","i","i","i","i","i","i","i","i","i","i","i","i","i","i","i","i","i","i","i","i","i","i","i","i","i","i","i","i","i","i","i","i","i","i","i","i","i","i","i","i","i","i","i",,,,,,,,,,,,,,,,,,,,"#"
,,,,,,,,,,,,,,,,,,"i","i","i","i","i","i","i","i","i","i","i","i","i","i","i","i","i","i","i","i","i","i","i","i","i","i","i","i","i","i","i","i","i","i","i","i","i","i","i","i","i","i","i","i","i","i","i","i","i","i","i","i","i","i","i","i","i","i","i","i","i","i","i","i","i","i","i","i","i","i","i","i","i","i","i","i","i","i","i","i","i","i","i","i","i","i","i","i","i","i","i","i","i","i","i","i","i","i","i","i","i","i","i","i","i","i","i",,,,,,,,,,,,,,,,,,,,"#"
,,,,,,,,,,,,,,,,,,"i","i","i","i","i","i","i","i","i","i","i","i","i","i","i","i","i","i","i","i","i","i","i","i","i","i","i","i","i","i","i","i","i","i","i","i","i","i","i","i","i","i","i","i","i","i","i","i","i","i","i","i","i","i","i","i","i","i","i","i","i","i","i","i","i","i","i","i","i","i","i","i","i","i","i","i","i","i","i","i","i","i","i","i","i","i","i","i","i","i","i","i","i","i","i","i","i","i","i","i","i","i","i","i","i","i","i",,,,,,,,,,,,,,,,,,,,"#"
,,,,,,,,,,,,,,,,,,"i","i","i","i","i","i","i","i","i","i","i","i","i","i","i","i","i","i","i","i","i","i","i","i","i","i","i","i","i","i","i","i","i","i","i","i","i","i","i","i","i","i","i","i","i","i","i","i","i","i","i","i","i","i","i","i","i","i","i","i","i","i","i","i","i","i","i","i","i","i","i","i","i","i","i","i","i","i","i","i","i","i","i","i","i","i","i","i","i","i","i","i","i","i","i","i","i","i","i","i","i","i","i","i","i","i","i",,,,,,,,,,,,,,,,,,,,"#"
,,,,,,,,,,,,,,,,,,"i","i","i","i","i","i","i","i","i","i","i","i","i","i","i","i","i","i","i","i","i","i","i","i","i","i","i","i","i","i","i","i","i","i","i","i","i","i","i","i","i","i","i","i","i","i","i","i","i","i","i","i","i","i","i","i","i","i","i","i","i","i","i","i","i","i","i","i","i","i","i","i","i","i","i","i","i","i","i","i","i","i","i","i","i","i","i","i","i","i","i","i","i","i","i","i","i","i","i","i","i","i","i","i","i","i","i",,,,,,,,,,,,,,,,,,,,"#"
,,,,,,,,,,,,,,,,,,"i","i","i","i","i","i","i","i","i","i","i","i","i","i","i","i","i","i","i","i","i","i","i","i","i","i","i","i","i","i","i","i","i","i","i","i","i","i","i","i","i","i","i","i","i","i","i","i","i","i","i","i","i","i","i","i","i","i","i","i","i","i","i","i","i","i","i","i","i","i","i","i","i","i","i","i","i","i","i","i","i","i","i","i","i","i","i","i","i","i","i","i","i","i","i","i","i","i","i","i","i","i","i","i","i","i","i",,,,,,,,,,,,,,,,,,,,"#"
,,,,,,,,,,,,,,,,,,"i","i","i","i","i","i","i","i","i","i","i","i","i","i","i","i","i","i","i","i","i","i","i","i","i","i","i","i","i","i","i","i","i","i","i","i","i","i","i","i","i","i","i","i","i","i","i","i","i","i","i","i","i","i","i","i","i","i","i","i","i","i","i","i","i","i","i","i","i","i","i","i","i","i","i","i","i","i","i","i","i","i","i","i","i","i","i","i","i","i","i","i","i","i","i","i","i","i","i","i","i","i","i","i","i","i","i",,,,,,,,,,,,,,,,,,,,"#"
,,,,,,,,,,,,,,,,,,"i","i","i","i","i","i","i","i","i","i","i","i","i","i","i","i","i","i","i","i","i","i","i","i","i","i","i","i","i","i","i","i","i","i","i","i","i","i","i","i","i","i","i","i","i","i","i","i","i","i","i","i","i","i","i","i","i","i","i","i","i","i","i","i","i","i","i","i","i","i","i","i","i","i","i","i","i","i","i","i","i","i","i","i","i","i","i","i","i","i","i","i","i","i","i","i","i","i","i","i","i","i","i","i","i","i","i",,,,,,,,,,,,,,,,,,,,"#"
,,,,,,,,,,,,,,,,,,"i","i","i","i","i","i","i","i","i","i","i","i","i","i","i","i","i","i","i","i","i","i","i","i","i","i","i","i","i","i","i","i","i","i","i","i","i","i","i","i","i","i","i","i","i","i","i","i","i","i","i","i","i","i","i","i","i","i","i","i","i","i","i","i","i","i","i","i","i","i","i","i","i","i","i","i","i","i","i","i","i","i","i","i","i","i","i","i","i","i","i","i","i","i","i","i","i","i","i","i","i","i","i","i","i","i","i",,,,,,,,,,,,,,,,,,,,"#"
,,,,,,,,,,,,,,,,,,"i","i","i","i","i","i","i","i","i","i","i","i","i","i","i","i","i","i","i","i","i","i","i","i","i","i","i","i","i","i","i","i","i","i","i","i","i","i","i","i","i","i","i","i","i","i","i","i","i","i","i","i","i","i","i","i","i","i","i","i","i","i","i","i","i","i","i","i","i","i","i","i","i","i","i","i","i","i","i","i","i","i","i","i","i","i","i","i","i","i","i","i","i","i","i","i","i","i","i","i","i","i","i","i","i","i","i",,,,,,,,,,,,,,,,,,,,"#"
,,,,,,,,,,,,,,,,,,"i","i","i","i","i","i","i","i","i","i","i","i","i","i","i","i","i","i","i","i","i","i","i","i","i","i","i","i","i","i","i","i","i","i","i","i","i","i","i","i","i","i","i","i","i","i","i","i","i","i","i","i","i","i","i","i","i","i","i","i","i","i","i","i","i","i","i","i","i","i","i","i","i","i","i","i","i","i","i","i","i","i","i","i","i","i","i","i","i","i","i","i","i","i","i","i","i","i","i","i","i","i","i","i","i","i","i",,,,,,,,,,,,,,,,,,,,"#"
,,,,,,,,,,,,,,,,,,,"i","i","i","i","i","i","i","i","i","i","i","i","i","i","i","i","i","i","i","i","i","i","i","i","i","i","i","i","i","i","i","i","i","i","i","i","i","i","i","i","i","i","i","i","i","i","i","i","i","i","i","i","i","i","i","i","i","i","i","i","i","i","i","i","i","i","i","i","i","i","i","i","i","i","i","i","i","i","i","i","i","i","i","i","i","i","i","i","i","i","i","i","i","i","i","i","i","i","i","i","i","i","i","i","i",,,,,,,,,,,,,,,,,,,,,"#"
,,,,,,,,,,,,,,,,,,,,"i","i","i","i","i","i","i","i","i","i","i","i","i","i","i","i","i","i","i","i","i","i","i","i","i","i","i","i","i","i","i","i","i","i","i","i","i","i","i","i","i","i","i","i","i","i","i","i","i","i","i","i","i","i","i","i","i","i","i","i","i","i","i","i","i","i","i","i","i","i","i","i","i","i","i","i","i","i","i","i","i","i","i","i","i","i","i","i","i","i","i","i","i","i","i","i","i","i","i","i","i","i","i",,,,,,,,,,,,,,,,,,,,,,"#"
,,,,,,,,,,,,,,,,,,,,,"i","i","i","i","i","i","i","i","i","i","i","i","i","i","i","i","i","i","i","i","i","i","i","i","i","i","i","i","i","i","i","i","i","i","i","i","i","i","i","i","i","i","i","i","i","i","i","i","i","i","i","i","i","i","i","i","i","i","i","i","i","i","i","i","i","i","i","i","i","i","i","i","i","i","i","i","i","i","i","i","i","i","i","i","i","i","i","i","i","i","i","i","i","i","i","i","i","i","i","i","i",,,,,,,,,,,,,,,,,,,,,,,"#"
,,,,,,,,,,,,,,,,,,,,,,,,,"i","i","i","i","i","i","i","i","i","i","i","i","i","i","i","i","i","i","i","i","i","i","i","i","i","i","i","i","i","i","i","i","i","i","i","i","i","i","i","i","i","i","i","i","i","i","i","i","i","i","i","i","i","i","i","i","i","i","i","i","i","i","i","i","i","i","i","i","i","i","i","i","i","i","i","i","i","i","i","i","i","i","i","i","i","i","i","i","i","i","i","i","i",,,,,,,,,,,,,,,,,,,,,,,,,,,"#"
,,,,,,,,,,,,,,,,,,,,,,,,,,"i","i","i","i","i","i","i","i","i","i","i","i","i","i","i","i","i","i","i","i","i","i","i","i","i","i","i","i","i","i","i","i","i","i","i","i","i","i","i","i","i","i","i","i","i","i","i","i","i","i","i","i","i","i","i","i","i","i","i","i","i","i","i","i","i","i","i","i","i","i","i","i","i","i","i","i","i","i","i","i","i","i","i","i","i","i","i","i","i","i","i",,,,,,,,,,,,,,,,,,,,,,,,,,,,"#"
,,,,,,,,,,,,,,,,,,,,,,,,,,,"i","i","i","i","i","i","i","i","i","i","i","i","i","i","i","i","i","i","i","i","i","i","i","i","i","i","i","i","i","i","i","i","i","i","i","i","i","i","i","i","i","i","i","i","i","i","i","i","i","i","i","i","i","i","i","i","i","i","i","i","i","i","i","i","i","i","i","i","i","i","i","i","i","i","i","i","i","i","i","i","i","i","i","i","i","i","i","i","i",,,,,,,,,,,,,,,,,,,,,,,,,,,,,"#"
,,,,,,,,,,,,,,,,,,,,,,,,,,,,"i","i","i","i","i","i","i","i","i","i","i","i","i","i","i","i","i","i","i","i","i","i","i","i","i","i","i","i","i","i","i","i","i","i","i","i","i","i","i","i","i","i","i","i","i","i","i","i","i","i","i","i","i","i","i","i","i","i","i","i","i","i","i","i","i","i","i","i","i","i","i","i","i","i","i","i","i","i","i","i","i","i","i","i","i","i","i",,,,,,,,,,,,,,,,,,,,,,,,,,,,,,"#"
,,,,,,,,,,,,,,,,,,,,,,,,,,,,,,,,"i","i","i","i","i","i","i","i","i","i","i","i","i","i","i","i","i","i","i","i","i","i","i","i","i","i","i","i","i","i","i","i","i","i","i","i","i","i","i","i","i","i","i","i","i","i","i","i","i","i","i","i","i","i","i","i","i","i","i","i","i","i","i","i","i","i","i","i","i","i","i","i","i","i","i","i","i","i","i",,,,,,,,,,,,,,,,,,,,,,,,,,,,,,,,,,"#"
,,,,,,,,,,,,,,,,,,,,,,,,,,,,,,,,,"i","i","i","i","i","i","i","i","i","i","i","i","i","i","i","i","i","i","i","i","i","i","i","i","i","i","i","i","i","i","i","i","i","i","i","i","i","i","i","i","i","i","i","i","i","i","i","i","i","i","i","i","i","i","i","i","i","i","i","i","i","i","i","i","i","i","i","i","i","i","i","i","i","i","i","i","i",,,,,,,,,,,,,,,,,,,,,,,,,,,,,,,,,,,"#"
,,,,,,,,,,,,,,,,,,,,,,,,,,,,,,,,,,"i","i","i","i","i","i","i","i","i","i","i","i","i","i","i","i","i","i","i","i","i","i","i","i","i","i","i","i","i","i","i","i","i","i","i","i","i","i","i","i","i","i","i","i","i","i","i","i","i","i","i","i","i","i","i","i","i","i","i","i","i","i","i","i","i","i","i","i","i","i","i","i","i","i","i",,,,,,,,,,,,,,,,,,,,,,,,,,,,,,,,,,,,"#"
,,,,,,,,,,,,,,,,,,,,,,,,,,,,,,,,,,,"i","i","i","i","i","i","i","i","i","i","i","i","i","i","i","i","i","i","i","i","i","i","i","i","i","i","i","i","i","i","i","i","i","i","i","i","i","i","i","i","i","i","i","i","i","i","i","i","i","i","i","i","i","i","i","i","i","i","i","i","i","i","i","i","i","i","i","i","i","i","i","i","i",,,,,,,,,,,,,,,,,,,,,,,,,,,,,,,,,,,,,"#"
,,,,,,,,,,,,,,,,,,,,,,,,,,,,,,,,,,,,,,,"i","i","i","i","i","i","i","i","i","i","i","i","i","i","i","i","i","i","i","i","i","i","i","i","i","i","i","i","i","i","i","i","i","i","i","i","i","i","i","i","i","i","i","i","i","i","i","i","i","i","i","i","i","i","i","i","i","i","i","i","i","i","i","i","i",,,,,,,,,,,,,,,,,,,,,,,,,,,,,,,,,,,,,,,,,"#"
,,,,,,,,,,,,,,,,,,,,,,,,,,,,,,,,,,,,,,,,"i","i","i","i","i","i","i","i","i","i","i","i","i","i","i","i","i","i","i","i","i","i","i","i","i","i","i","i","i","i","i","i","i","i","i","i","i","i","i","i","i","i","i","i","i","i","i","i","i","i","i","i","i","i","i","i","i","i","i","i","i","i","i",,,,,,,,,,,,,,,,,,,,,,,,,,,,,,,,,,,,,,,,,,"#"
,,,,,,,,,,,,,,,,,,,,,,,,,,,,,,,,,,,,,,,,,"i","i","i","i","i","i","i","i","i","i","i","i","i","i","i","i","i","i","i","i","i","i","i","i","i","i","i","i","i","i","i","i","i","i","i","i","i","i","i","i","i","i","i","i","i","i","i","i","i","i","i","i","i","i","i","i","i","i","i","i","i",,,,,,,,,,,,,,,,,,,,,,,,,,,,,,,,,,,,,,,,,,,"#"
,,,,,,,,,,,,,,,,,,,,,,,,,,,,,,,,,,,,,,,,,,"i","i","i","i","i","i","i","i","i","i","i","i","i","i","i","i","i","i","i","i","i","i","i","i","i","i","i","i","i","i","i","i","i","i","i","i","i","i","i","i","i","i","i","i","i","i","i","i","i","i","i","i","i","i","i","i","i","i","i",,,,,,,,,,,,,,,,,,,,,,,,,,,,,,,,,,,,,,,,,,,,"#"
,,,,,,,,,,,,,,,,,,,,,,,,,,,,,,,,,,,,,,,,,,,,,,"i","i","i","i","i","i","i","i","i","i","i","i","i","i","i","i","i","i","i","i","i","i","i","i","i","i","i","i","i","i","i","i","i","i","i","i","i","i","i","i","i","i","i","i","i","i","i","i","i","i","i",,,,,,,,,,,,,,,,,,,,,,,,,,,,,,,,,,,,,,,,,,,,,,,,"#"
,,,,,,,,,,,,,,,,,,,,,,,,,,,,,,,,,,,,,,,,,,,,,,,"i","i","i","i","i","i","i","i","i","i","i","i","i","i","i","i","i","i","i","i","i","i","i","i","i","i","i","i","i","i","i","i","i","i","i","i","i","i","i","i","i","i","i","i","i","i","i","i","i",,,,,,,,,,,,,,,,,,,,,,,,,,,,,,,,,,,,,,,,,,,,,,,,,"#"
,,,,,,,,,,,,,,,,,,,,,,,,,,,,,,,,,,,,,,,,,,,,,,,,"i","i","i","i","i","i","i","i","i","i","i","i","i","i","i","i","i","i","i","i","i","i","i","i","i","i","i","i","i","i","i","i","i","i","i","i","i","i","i","i","i","i","i","i","i","i","i",,,,,,,,,,,,,,,,,,,,,,,,,,,,,,,,,,,,,,,,,,,,,,,,,,"#"
,,,,,,,,,,,,,,,,,,,,,,,,,,,,,,,,,,,,,,,,,,,,,,,,,"i","i","i","i","i","i","i","i","i","i","i","i","i","i","i","i","i","i","i","i","i","i","i","i","i","i","i","i","i","i","i","i","i","i","i","i","i","i","i","i","i","i","i","i","i",,,,,,,,,,,,,,,,,,,,,,,,,,,,,,,,,,,,,,,,,,,,,,,,,,,"#"
,,,,,,,,,,,,,,,,,,,,,,,,,,,,,,,,,,,,,,,,,,,,,,,,,,,,,"i","i","i","i","i","i","i","i","i","i","i","i","i","i","i","i","i","i","i","i","i","i","i","i","i","i","i","i","i","i","i","i","i","i","i","i","i",,,,,,,,,,,,,,,,,,,,,,,,,,,,,,,,,,,,,,,,,,,,,,,,,,,,,,,"#"
,,,,,,,,,,,,,,,,,,,,,,,,,,,,,,,,,,,,,,,,,,,,,,,,,,,,,,"i","i","i","i","i","i","i","i","i","i","i","i","i","i","i","i","i","i","i","i","i","i","i","i","i","i","i","i","i","i","i","i","i","i","i",,,,,,,,,,,,,,,,,,,,,,,,,,,,,,,,,,,,,,,,,,,,,,,,,,,,,,,,"#"
,,,,,,,,,,,,,,,,,,,,,,,,,,,,,,,,,,,,,,,,,,,,,,,,,,,,,,,"i","i","i","i","i","i","i","i","i","i","i","i","i","i","i","i","i","i","i","i","i","i","i","i","i","i","i","i","i","i","i","i","i",,,,,,,,,,,,,,,,,,,,,,,,,,,,,,,,,,,,,,,,,,,,,,,,,,,,,,,,,"#"
,,,,,,,,,,,,,,,,,,,,,,,,,,,,,,,,,,,,,,,,,,,,,,,,,,,,,,,,"i","i","i","i","i","i","i","i","i","i","i","i","i","i","i","i","i","i","i","i","i","i","i","i","i","i","i","i","i","i","i",,,,,,,,,,,,,,,,,,,,,,,,,,,,,,,,,,,,,,,,,,,,,,,,,,,,,,,,,,"#"
,,,,,,,,,,,,,,,,,,,,,,,,,,,,,,,,,,,,,,,,,,,,,,,,,,,,,,,,,,,,"i","i","i","i","i","i","i","i","i","i","i","i","i","i","i","i","i","i","i","i","i","i","i",,,,,,,,,,,,,,,,,,,,,,,,,,,,,,,,,,,,,,,,,,,,,,,,,,,,,,,,,,,,,,"#"
,,,,,,,,,,,,,,,,,,,,,,,,,,,,,,,,,,,,,,,,,,,,,,,,,,,,,,,,,,,,,"i","i","i","i","i","i","i","i","i","i","i","i","i","i","i","i","i","i","i","i","i",,,,,,,,,,,,,,,,,,,,,,,,,,,,,,,,,,,,,,,,,,,,,,,,,,,,,,,,,,,,,,,"#"
,,,,,,,,,,,,,,,,,,,,,,,,,,,,,,,,,,,,,,,,,,,,,,,,,,,,,,,,,,,,,,"i","i","i","i","i","i","i","i","i","i","i","i","i","i","i","i","i","i","i",,,,,,,,,,,,,,,,,,,,,,,,,,,,,,,,,,,,,,,,,,,,,,,,,,,,,,,,,,,,,,,,"#"
,,,,,,,,,,,,,,,,,,,,,,,,,,,,,,,,,,,,,,,,,,,,,,,,,,,,,,,,,,,,,,,"i","i","i","i","i","i","i","i","i","i","i","i","i","i","i","i","i",,,,,,,,,,,,,,,,,,,,,,,,,,,,,,,,,,,,,,,,,,,,,,,,,,,,,,,,,,,,,,,,,"#"
,,,,,,,,,,,,,,,,,,,,,,,,,,,,,,,,,,,,,,,,,,,,,,,,,,,,,,,,,,,,,,,,,,,"i","i","i","i","i","i","i","i","i",,,,,,,,,,,,,,,,,,,,,,,,,,,,,,,,,,,,,,,,,,,,,,,,,,,,,,,,,,,,,,,,,,,,,"#"
,,,,,,,,,,,,,,,,,,,,,,,,,,,,,,,,,,,,,,,,,,,,,,,,,,,,,,,,,,,,,,,,,,,,"i","i","i","i","i","i","i",,,,,,,,,,,,,,,,,,,,,,,,,,,,,,,,,,,,,,,,,,,,,,,,,,,,,,,,,,,,,,,,,,,,,,"#"
,,,,,,,,,,,,,,,,,,,,,,,,,,,,,,,,,,,,,,,,,,,,,,,,,,,,,,,,,,,,,,,,,,,,,"i","i","i","i","i",,,,,,,,,,,,,,,,,,,,,,,,,,,,,,,,,,,,,,,,,,,,,,,,,,,,,,,,,,,,,,,,,,,,,,,"#"
,,,,,,,,,,,,,,,,,,,,,,,,,,,,,,,,,,,,,,,,,,,,,,,,,,,,,,,,,,,,,,,,,,,,,,"i","i","i",,,,,,,,,,,,,,,,,,,,,,,,,,,,,,,,,,,,,,,,,,,,,,,,,,,,,,,,,,,,,,,,,,,,,,,,"#"
,,,,,,,,,,,,,,,,,,,,,,,,,,,,,,,,,,,,,,,,,,,,,,,,,,,,,,,,,,,,,,,,,,,,,,,,,,,,,,,,,,,,,,,,,,,,,,,,,,,,,,,,,,,,,,,,,,,,,,,,,,,,,,,,,,,,,,,,,,,,,,,,"#"
,,,,,,,,,,,,,,,,,,,,,,,,,,,,,,,,,,,,,,,,,,,,,,,,,,,,,,,,,,,,,,,,,,,,,,,,,,,,,,,,,,,,,,,,,,,,,,,,,,,,,,,,,,,,,,,,,,,,,,,,,,,,,,,,,,,,,,,,,,,,,,,,"#"
,,,,,,,,,,,,,,,,,,,,,,,,,,,,,,,,,,,,,,,,,,,,,,,,,,,,,,,,,,,,,,,,,,,,,,,,,,,,,,,,,,,,,,,,,,,,,,,,,,,,,,,,,,,,,,,,,,,,,,,,,,,,,,,,,,,,,,,,,,,,,,,,"#"
,,,,,,,,,,,,,,,,,,,,,,,,,,,,,,,,,,,,,,,,,,,,,,,,,,,,,,,,,,,,,,,,,,,,,,,,,,,,,,,,,,,,,,,,,,,,,,,,,,,,,,,,,,,,,,,,,,,,,,,,,,,,,,,,,,,,,,,,,,,,,,,,"#"
,,,,,,,,,,,,,,,,,,,,,,,,,,,,,,,,,,,,,,,,,,,,,,,,,,,,,,,,,,,,,,,,,,,,,,,,,,,,,,,,,,,,,,,,,,,,,,,,,,,,,,,,,,,,,,,,,,,,,,,,,,,,,,,,,,,,,,,,,,,,,,,,"#"
,,,,,,,,,,,,,,,,,,,,,,,,,,,,,,,,,,,,,,,,,,,,,,,,,,,,,,,,,,,,,,,,,,,,,,,,,,,,,,,,,,,,,,,,,,,,,,,,,,,,,,,,,,,,,,,,,,,,,,,,,,,,,,,,,,,,,,,,,,,,,,,,"#"
,,,,,,,,,,,,,,,,,,,,,,,,,,,,,,,,,,,,,,,,,,,,,,,,,,,,,,,,,,,,,,,,,,,,,,,,,,,,,,,,,,,,,,,,,,,,,,,,,,,,,,,,,,,,,,,,,,,,,,,,,,,,,,,,,,,,,,,,,,,,,,,,"#"
,,,,,,,,,,,,,,,,,,,,,,,,,,,,,,,,,,,,,,,,,,,,,,,,,,,,,,,,,,,,,,,,,,,,,,,,,,,,,,,,,,,,,,,,,,,,,,,,,,,,,,,,,,,,,,,,,,,,,,,,,,,,,,,,,,,,,,,,,,,,,,,,"#"
,,,,,,,,,,,,,,,,,,,,,,,,,,,,,,,,,,,,,,,,,,,,,,,,,,,,,,,,,,,,,,,,,,,,,,,,,,,,,,,,,,,,,,,,,,,,,,,,,,,,,,,,,,,,,,,,,,,,,,,,,,,,,,,,,,,,,,,,,,,,,,,,"#"
,,,,,,,,,,,,,,,,,,,,,,,,,,,,,,,,,,,,,,,,,,,,,,,,,,,,,,,,,,,,,,,,,,,,,,,,,,,,,,,,,,,,,,,,,,,,,,,,,,,,,,,,,,,,,,,,,,,,,,,,,,,,,,,,,,,,,,,,,,,,,,,,"#"
,,,,,,,,,,,,,,,,,,,,,,,,,,,,,,,,,,,,,,,,,,,,,,,,,,,,,,,,,,,,,,,,,,,,,,,,,,,,,,,,,,,,,,,,,,,,,,,,,,,,,,,,,,,,,,,,,,,,,,,,,,,,,,,,,,,,,,,,,,,,,,,,"#"
,,,,,,,,,,,,,,,,,,,,,,,,,,,,,,,,,,,,,,,,,,,,,,,,,,,,,,,,,,,,,,,,,,,,,,,,,,,,,,,,,,,,,,,,,,,,,,,,,,,,,,,,,,,,,,,,,,,,,,,,,,,,,,,,,,,,,,,,,,,,,,,,"#"
,,,,,,,,,,,,,,,,,,,,,,,,,,,,,,,,,,,,,,,,,,,,,,,,,,,,,,,,,,,,,,,,,,,,,,,,,,,,,,,,,,,,,,,,,,,,,,,,,,,,,,,,,,,,,,,,,,,,,,,,,,,,,,,,,,,,,,,,,,,,,,,,"#"
"#","#","#","#","#","#","#","#","#","#","#","#","#","#","#","#","#","#","#","#","#","#","#","#","#","#","#","#","#","#","#","#","#","#","#","#","#","#","#","#","#","#","#","#","#","#","#","#","#","#","#","#","#","#","#","#","#","#","#","#","#","#","#","#","#","#","#","#","#","#","#","#","#","#","#","#","#","#","#","#","#","#","#","#","#","#","#","#","#","#","#","#","#","#","#","#","#","#","#","#","#","#","#","#","#","#","#","#","#","#","#","#","#","#","#","#","#","#","#","#","#","#","#","#","#","#","#","#","#","#","#","#","#","#","#","#","#","#","#","#","#","#","#","#","#"
